week,X0111_UA,X0112_SA,X0213_C,X0232_L,X0331_WT,X0422_CT,X0531_F,X0961_LP,month,season
1,0.003,0.004,0.012,0.312,,,0.023,,Jan,Stationary non-breeding
2,0.002,0.003,0.007,0.217,,,0.016,,Jan,Stationary non-breeding
3,0.001,0.002,0.005,0.171,,,0.012,,Jan,Stationary non-breeding
4,0.002,0.002,0.008,0.21,,,0.014,,Jan,Stationary non-breeding
5,0.001,0.002,0.008,0.22,,,0.011,,Jan,Stationary non-breeding
6,0.002,0.003,0.013,0.324,,,0.02,,Feb,Stationary non-breeding
7,0.004,0.005,0.014,0.361,,,0.03,,Feb,Stationary non-breeding
8,0.003,0.003,0.01,0.237,,,0.025,,Feb,Stationary non-breeding
9,0.004,0.004,0.011,0.309,,,0.031,,Feb,Stationary non-breeding
10,0.005,0.005,0.013,0.358,,,0.037,,Mar,Stationary non-breeding
11,0.003,0.004,0.008,0.276,,,0.023,,Mar,Stationary non-breeding
12,0.003,0.004,0.011,0.322,,,0.026,,Mar,Stationary non-breeding
13,0.003,0.003,0.013,0.342,,,0.018,,Mar,Stationary non-breeding
14,0.003,0.003,0.011,0.319,,,0.016,,Apr,Stationary non-breeding
15,0.003,0.003,0.012,0.309,0,0.028,0.018,0.045,Apr,Pre-breeding migration
16,0.014,0.008,0.02,0.444,0,0.065,0.032,0.097,Apr,Pre-breeding migration
17,0.048,0.041,0.037,0.379,0,0.29,0.246,0.335,Apr,Pre-breeding migration
18,0.078,0.086,0.143,0.121,0,0.641,0.535,0.701,Apr,Pre-breeding migration
19,0.073,0.092,0.323,0.183,0.009,0.635,0.352,0.687,May,Pre-breeding migration
20,0.054,0.077,0.433,0.258,0.015,0.528,0.221,0.54,May,Pre-breeding migration
21,0.032,0.044,0.195,0.114,0.007,0.312,0.292,0.297,May,Pre-breeding migration
22,0.007,0.007,0.016,0.009,0.003,0.071,0.22,0.073,May,Pre-breeding migration
23,0,0,0.001,0.001,0.001,0.016,0.093,0.016,Jun,Pre-breeding migration
24,0,0,0,0.001,0.001,0.008,0.057,0.008,Jun,Pre-breeding migration
25,0,0,0,0.002,,,0.07,,Jun,Breeding
26,0,0,0,0.002,,,0.076,,Jun,Breeding
27,0,0,0,0.002,,,0.071,,Jul,Breeding
28,0,0,0,0.002,,,0.083,,Jul,Breeding
29,0,0,0,0.002,,,0.083,,Jul,Breeding
30,0,0,0,0.001,,,0.093,,Jul,Breeding
31,0,0,0,0.001,0.001,0.015,0.093,0.014,Jul,Post-breeding migration
32,0,0.001,0,0.002,0.002,0.022,0.115,0.02,Aug,Post-breeding migration
33,0,0.001,0.001,0.006,0.002,0.032,0.19,0.033,Aug,Post-breeding migration
34,0.001,0.002,0.004,0.01,0.002,0.052,0.271,0.06,Aug,Post-breeding migration
35,0.01,0.008,0.019,0.016,0.003,0.104,0.322,0.106,Aug,Post-breeding migration
36,0.02,0.029,0.073,0.02,0.007,0.238,0.481,0.225,Sep,Post-breeding migration
37,0.037,0.059,0.143,0.025,0.011,0.427,0.459,0.406,Sep,Post-breeding migration
38,0.057,0.093,0.189,0.02,0.016,0.629,0.457,0.602,Sep,Post-breeding migration
39,0.062,0.103,0.13,0.021,0.015,0.655,0.484,0.633,Sep,Post-breeding migration
40,0.074,0.114,0.088,0.028,0.012,0.669,0.472,0.65,Oct,Post-breeding migration
41,0.093,0.141,0.076,0.09,0.01,0.68,0.361,0.686,Oct,Post-breeding migration
42,0.084,0.111,0.04,0.352,0.005,0.417,0.087,0.475,Oct,Post-breeding migration
43,0.051,0.064,0.027,0.385,0.003,0.221,0.035,0.291,Oct,Post-breeding migration
44,0.019,0.024,0.01,0.262,0.002,0.094,0.02,0.125,Oct,Post-breeding migration
45,0.007,0.006,0.009,0.243,0.001,0.039,0.014,0.055,Nov,Post-breeding migration
46,0.004,0.004,0.013,0.305,0,0.032,0.017,0.049,Nov,Post-breeding migration
47,0.003,0.003,0.013,0.284,0,0.025,0.016,0.039,Nov,Post-breeding migration
48,0.002,0.003,0.008,0.213,0,0.02,0.013,0.032,Nov,Post-breeding migration
49,0.003,0.003,0.006,0.177,0,0.021,0.012,0.037,Dec,Post-breeding migration
50,0.002,0.003,0.006,0.184,0,0.023,0.015,0.037,Dec,Post-breeding migration
51,0.002,0.003,0.006,0.201,,,0.015,,Dec,Stationary non-breeding
52,0.003,0.004,0.008,0.255,,,0.019,,Dec,Stationary non-breeding
