week,X0111_UA,X0112_SA,X0213_C,X0311_OG,X0331_WT,X0422_CT,X0531_F,X0961_LP,month,season
1,0.057,0.087,0.097,0.003,,,0.106,,Jan,Stationary non-breeding
2,0.055,0.083,0.097,0.002,,,0.104,,Jan,Stationary non-breeding
3,0.055,0.081,0.095,0.002,,,0.106,,Jan,Stationary non-breeding
4,0.057,0.084,0.099,0.002,,,0.107,,Jan,Stationary non-breeding
5,0.06,0.085,0.101,0.003,,,0.111,,Jan,Stationary non-breeding
6,0.061,0.083,0.105,0.003,,,0.119,,Feb,Stationary non-breeding
7,0.062,0.085,0.108,0.002,,,0.121,,Feb,Stationary non-breeding
8,0.063,0.087,0.104,0.002,,,0.114,,Feb,Stationary non-breeding
9,0.062,0.085,0.102,0.003,,,0.114,,Feb,Stationary non-breeding
10,0.061,0.084,0.103,0.002,,,0.114,,Mar,Stationary non-breeding
11,0.057,0.078,0.1,0.002,,,0.116,,Mar,Stationary non-breeding
12,0.057,0.079,0.101,0.003,,,0.105,,Mar,Stationary non-breeding
13,0.057,0.08,0.106,0.002,0.001,0.155,0.106,0.418,Mar,Pre-breeding migration
14,0.065,0.094,0.102,0.004,0.001,0.176,0.091,0.432,Apr,Pre-breeding migration
15,0.068,0.094,0.105,0.005,0.001,0.183,0.097,0.447,Apr,Pre-breeding migration
16,0.093,0.101,0.095,0.027,0.001,0.262,0.134,0.498,Apr,Pre-breeding migration
17,0.12,0.133,0.062,0.095,0.001,0.559,0.36,0.729,Apr,Pre-breeding migration
18,0.118,0.137,0.04,0.243,0.001,0.783,0.516,0.827,Apr,Pre-breeding migration
19,0.099,0.114,0.161,0.286,0.005,0.658,0.444,0.666,May,Pre-breeding migration
20,0.026,0.031,0.066,0.095,0.004,0.235,0.603,0.224,May,Pre-breeding migration
21,0.002,0.003,0.021,0.053,0.003,0.085,0.569,0.082,May,Pre-breeding migration
22,0,0.001,0.004,0.056,0.003,0.05,0.504,0.052,May,Pre-breeding migration
23,0,0.001,0.003,0.064,0.002,0.044,0.516,0.044,Jun,Pre-breeding migration
24,0,0.001,0.001,0.068,,,0.531,,Jun,Breeding
25,0,0,0.001,0.038,,,0.497,,Jun,Breeding
26,0,0,0,0.02,,,0.531,,Jun,Breeding
27,0,0,0.001,0.022,,,0.592,,Jul,Breeding
28,0,0,0.001,0.027,,,0.598,,Jul,Breeding
29,0,0,0.001,0.041,,,0.625,,Jul,Breeding
30,0,0.001,0.002,0.05,0.004,0.032,0.554,0.035,Jul,Post-breeding migration
31,0.001,0.002,0.006,0.026,0.003,0.041,0.429,0.046,Jul,Post-breeding migration
32,0.001,0.002,0.006,0.022,0.003,0.048,0.421,0.051,Aug,Post-breeding migration
33,0.002,0.003,0.01,0.027,0.003,0.067,0.43,0.067,Aug,Post-breeding migration
34,0.003,0.005,0.015,0.03,0.005,0.101,0.501,0.096,Aug,Post-breeding migration
35,0.007,0.012,0.031,0.087,0.008,0.197,0.65,0.183,Aug,Post-breeding migration
36,0.019,0.035,0.084,0.2,0.011,0.365,0.659,0.36,Sep,Post-breeding migration
37,0.039,0.066,0.115,0.281,0.011,0.531,0.587,0.551,Sep,Post-breeding migration
38,0.05,0.087,0.135,0.293,0.009,0.587,0.496,0.663,Sep,Post-breeding migration
39,0.06,0.096,0.095,0.242,0.005,0.559,0.49,0.674,Sep,Post-breeding migration
40,0.061,0.096,0.082,0.173,0.003,0.513,0.449,0.655,Oct,Post-breeding migration
41,0.063,0.092,0.073,0.09,0.002,0.398,0.341,0.567,Oct,Post-breeding migration
42,0.066,0.081,0.099,0.015,0.001,0.193,0.13,0.438,Oct,Post-breeding migration
43,0.063,0.078,0.106,0.006,0.001,0.154,0.108,0.404,Oct,Post-breeding migration
44,0.064,0.082,0.098,0.005,0.001,0.157,0.098,0.393,Oct,Post-breeding migration
45,0.063,0.08,0.092,0.005,0.001,0.153,0.093,0.383,Nov,Post-breeding migration
46,0.059,0.082,0.093,0.003,0.001,0.151,0.093,0.387,Nov,Post-breeding migration
47,0.057,0.081,0.095,0.003,0.001,0.147,0.104,0.404,Nov,Post-breeding migration
48,0.061,0.088,0.097,0.003,,,0.103,,Nov,Stationary non-breeding
49,0.061,0.086,0.102,0.003,,,0.11,,Dec,Stationary non-breeding
50,0.06,0.083,0.103,0.003,,,0.115,,Dec,Stationary non-breeding
51,0.06,0.086,0.103,0.003,,,0.113,,Dec,Stationary non-breeding
52,0.058,0.084,0.101,0.003,,,0.113,,Dec,Stationary non-breeding
