week,X0111_UA,X0112_SA,X0213_C,X0232_L,X0311_OG,X0331_WT,X0411_R,X0422_CT,X0531_F,X0961_LP,month,season
1,,,,,,,,,,,Jan,Stationary non-breeding
2,,,,,,,,,,,Jan,Stationary non-breeding
3,,,,,,,,,,,Jan,Stationary non-breeding
4,,,,,,,,,,,Jan,Stationary non-breeding
5,,,,,,,,,,,Jan,Stationary non-breeding
6,,,,,,,,,,,Feb,Stationary non-breeding
7,,,,,,,,,,,Feb,Stationary non-breeding
8,,,,,,,,,,,Feb,Stationary non-breeding
9,,,,,,,,,,,Feb,Stationary non-breeding
10,,,,,,,,,,,Mar,Stationary non-breeding
11,,,,,,,,,,,Mar,Stationary non-breeding
12,,,,,,,,,,,Mar,Stationary non-breeding
13,,,,,,,,,,,Mar,Stationary non-breeding
14,,,,,,,,,,,Apr,Stationary non-breeding
15,,,,,,,,,,,Apr,Stationary non-breeding
16,,,,,,,,,,,Apr,Stationary non-breeding
17,,,,,,,,,,,Apr,Stationary non-breeding
18,,,,,,,,,,,Apr,Pre-breeding migration
19,0.308,0.141,0,0,0.2,0,0.901,0.976,0,0.923,May,Pre-breeding migration
20,0.409,0.22,0.179,0.009,0.527,0.005,0.882,0.923,0.024,0.925,May,Pre-breeding migration
21,0.144,0.092,0.093,0.084,0.221,0.003,0.461,0.383,0.351,0.363,May,Pre-breeding migration
22,0.001,0.001,0.014,0.075,0.218,0,0.132,0.04,0.392,0.016,May,Pre-breeding migration
23,0,0,0.001,0.048,0.201,0,0.092,0.028,0.305,0.012,Jun,Pre-breeding migration
24,0,0,0.002,0.047,0.211,0,0.086,0.029,0.302,0.013,Jun,Pre-breeding migration
25,0,0,0.001,0.032,0.13,,0.061,,0.212,,Jun,Breeding
26,0,0,0.001,0.038,0.135,,0.072,,0.255,,Jun,Breeding
27,0,0,0.001,0.042,0.091,,0.092,,0.285,,Jul,Breeding
28,0,0,0.001,0.034,0.068,,0.078,,0.209,,Jul,Breeding
29,0,0,0.001,0.105,0.437,,0.145,,0.574,,Jul,Breeding
30,0,0.001,0.001,0.057,0.319,,0.148,,0.587,,Jul,Breeding
31,0,0.001,0.005,0.059,0.385,,0.139,,0.516,,Jul,Breeding
32,0,0.002,0.001,0.061,0.157,,0.16,,0.656,,Aug,Breeding
33,0,0.002,0.001,0.043,0.04,0,0.115,0.063,0.49,0.046,Aug,Post-breeding migration
34,0.004,0.005,0.004,0.065,0.048,0,0.13,0.078,0.523,0.054,Aug,Post-breeding migration
35,0.038,0.056,0.006,0.087,0.095,0.001,0.275,0.225,0.621,0.204,Aug,Post-breeding migration
36,0.534,0.183,0.054,0.007,0.44,0.008,0.919,0.91,0.066,0.899,Sep,Post-breeding migration
37,0.277,0.198,0.061,0.009,0.377,0.013,0.882,0.879,0.197,0.851,Sep,Post-breeding migration
38,0.213,0.253,0.072,0.007,0.379,0.011,0.894,0.894,0.213,0.882,Sep,Post-breeding migration
39,0.194,0.262,0.062,0.009,0.396,0.012,0.889,0.877,0.253,0.86,Sep,Post-breeding migration
40,0.227,0.338,0.089,0.003,0.398,0.002,0.963,0.984,0.056,0.971,Oct,Post-breeding migration
41,0.335,0.349,0.007,0,0.283,0,0.981,0.988,0.027,0.985,Oct,Post-breeding migration
42,0.118,0,0.011,0,0.011,0,0.309,0.309,0,0.309,Oct,Post-breeding migration
43,0,0,0,0,0,0,0.209,0.209,0,0.209,Oct,Post-breeding migration
44,,,,,,,,,,,Oct,Stationary non-breeding
45,,,,,,,,,,,Nov,Stationary non-breeding
46,,,,,,,,,,,Nov,Stationary non-breeding
47,,,,,,,,,,,Nov,Stationary non-breeding
48,,,,,,,,,,,Nov,Stationary non-breeding
49,,,,,,,,,,,Dec,Stationary non-breeding
50,,,,,,,,,,,Dec,Stationary non-breeding
51,,,,,,,,,,,Dec,Stationary non-breeding
52,,,,,,,,,,,Dec,Stationary non-breeding
