week,X0111_UA,X0112_SA,X0213_C,X0232_L,X0331_WT,X0411_R,X0422_CT,X0531_F,X0961_LP,month,season
1,0.009,0.037,0.005,0.3,,0.269,,0.006,,Jan,Stationary non-breeding
2,0.01,0.037,0.005,0.273,,0.259,,0.007,,Jan,Stationary non-breeding
3,0.01,0.038,0.006,0.278,,0.255,,0.007,,Jan,Stationary non-breeding
4,0.009,0.038,0.006,0.283,,0.269,,0.007,,Jan,Stationary non-breeding
5,0.01,0.043,0.006,0.28,,0.278,,0.007,,Jan,Stationary non-breeding
6,0.01,0.043,0.005,0.272,,0.258,,0.006,,Feb,Stationary non-breeding
7,0.01,0.041,0.005,0.284,,0.261,,0.006,,Feb,Stationary non-breeding
8,0.007,0.036,0.004,0.299,,0.251,,0.006,,Feb,Stationary non-breeding
9,0.006,0.035,0.004,0.292,,0.249,,0.006,,Feb,Stationary non-breeding
10,0.006,0.033,0.005,0.279,,0.242,,0.006,,Mar,Stationary non-breeding
11,0.006,0.035,0.005,0.261,,0.24,,0.006,,Mar,Stationary non-breeding
12,0.005,0.038,0.005,0.252,,0.248,,0.007,,Mar,Stationary non-breeding
13,0.006,0.037,0.008,0.253,0.001,0.27,0.111,0.007,0.176,Mar,Pre-breeding migration
14,0.005,0.037,0.005,0.272,0.001,0.27,0.107,0.008,0.185,Apr,Pre-breeding migration
15,0.004,0.036,0.004,0.272,0.001,0.267,0.101,0.009,0.183,Apr,Pre-breeding migration
16,0.005,0.033,0.001,0.295,0,0.221,0.076,0.012,0.194,Apr,Pre-breeding migration
17,0.032,0.046,0.038,0.301,0.003,0.34,0.186,0.233,0.342,Apr,Pre-breeding migration
18,0.046,0.047,0.191,0.154,0.002,0.612,0.54,0.492,0.572,Apr,Pre-breeding migration
19,0.056,0.067,0.338,0.127,0.008,0.683,0.57,0.316,0.566,May,Pre-breeding migration
20,0.032,0.038,0.174,0.063,0.004,0.582,0.437,0.633,0.383,May,Pre-breeding migration
21,0.005,0.009,0.052,0.074,0.001,0.487,0.317,0.807,0.238,May,Pre-breeding migration
22,0,0.003,0.037,0.082,0.001,0.47,0.288,0.831,0.207,May,Pre-breeding migration
23,0,0.002,0.027,0.074,0.001,0.468,0.278,0.844,0.195,Jun,Pre-breeding migration
24,0,0.001,0.022,0.066,,0.475,,0.853,,Jun,Breeding
25,0,0.001,0.02,0.065,,0.479,,0.87,,Jun,Breeding
26,0,0.001,0.015,0.05,,0.477,,0.896,,Jun,Breeding
27,0,0.001,0.013,0.042,,0.492,,0.918,,Jul,Breeding
28,0,0.002,0.013,0.035,,0.5,,0.932,,Jul,Breeding
29,0,0.003,0.018,0.037,,0.507,,0.929,,Jul,Breeding
30,0,0.004,0.014,0.037,,0.502,,0.919,,Jul,Breeding
31,0,0.004,0.009,0.034,0,0.495,0.297,0.91,0.251,Jul,Post-breeding migration
32,0,0.004,0.014,0.04,0,0.484,0.312,0.902,0.258,Aug,Post-breeding migration
33,0,0.007,0.037,0.048,0,0.497,0.332,0.884,0.281,Aug,Post-breeding migration
34,0.012,0.025,0.155,0.063,0.002,0.549,0.421,0.722,0.37,Aug,Post-breeding migration
35,0.037,0.049,0.334,0.084,0.004,0.635,0.511,0.466,0.493,Aug,Post-breeding migration
36,0.031,0.05,0.388,0.091,0.004,0.661,0.558,0.388,0.59,Sep,Post-breeding migration
37,0.035,0.056,0.318,0.075,0.002,0.644,0.579,0.43,0.657,Sep,Post-breeding migration
38,0.017,0.039,0.18,0.047,0,0.591,0.532,0.65,0.651,Sep,Post-breeding migration
39,0.009,0.03,0.097,0.058,0,0.514,0.459,0.791,0.582,Sep,Post-breeding migration
40,0.023,0.048,0.02,0.159,0.001,0.391,0.294,0.359,0.388,Oct,Post-breeding migration
41,0.017,0.041,0.007,0.287,0.001,0.281,0.133,0.022,0.216,Oct,Post-breeding migration
42,0.013,0.039,0.008,0.295,0.001,0.289,0.119,0.012,0.196,Oct,Post-breeding migration
43,0.013,0.039,0.006,0.288,0.001,0.291,0.12,0.007,0.195,Oct,Post-breeding migration
44,0.012,0.041,0.004,0.295,0.001,0.275,0.12,0.007,0.203,Oct,Post-breeding migration
45,0.011,0.042,0.004,0.294,,0.279,,0.008,,Nov,Stationary non-breeding
46,0.01,0.044,0.005,0.291,,0.279,,0.007,,Nov,Stationary non-breeding
47,0.009,0.043,0.005,0.285,,0.265,,0.007,,Nov,Stationary non-breeding
48,0.009,0.044,0.007,0.269,,0.285,,0.006,,Nov,Stationary non-breeding
49,0.008,0.04,0.007,0.284,,0.284,,0.005,,Dec,Stationary non-breeding
50,0.008,0.041,0.006,0.297,,0.28,,0.006,,Dec,Stationary non-breeding
51,0.008,0.038,0.006,0.292,,0.275,,0.006,,Dec,Stationary non-breeding
52,0.009,0.039,0.004,0.3,,0.265,,0.006,,Dec,Stationary non-breeding
