week,X0111_UA,X0112_SA,X0213_C,X0232_L,X0331_WT,X0422_CT,X0531_F,X0961_LP,month,season
1,0.02,0.097,0.032,0.252,,,0.006,,Jan,Stationary non-breeding
2,0.023,0.114,0.032,0.25,,,0.008,,Jan,Stationary non-breeding
3,0.027,0.126,0.034,0.242,,,0.008,,Jan,Stationary non-breeding
4,0.027,0.126,0.026,0.264,,,0.009,,Jan,Stationary non-breeding
5,0.025,0.124,0.029,0.268,,,0.008,,Jan,Stationary non-breeding
6,0.028,0.136,0.026,0.282,,,0.009,,Feb,Stationary non-breeding
7,0.025,0.131,0.028,0.274,,,0.007,,Feb,Stationary non-breeding
8,0.017,0.102,0.022,0.218,,,0.006,,Feb,Stationary non-breeding
9,0.019,0.101,0.018,0.224,,,0.006,,Feb,Stationary non-breeding
10,0.023,0.113,0.019,0.2,,,0.007,,Mar,Stationary non-breeding
11,0.022,0.12,0.025,0.199,,,0.007,,Mar,Stationary non-breeding
12,0.022,0.129,0.034,0.191,0,0.12,0.006,0.358,Mar,Pre-breeding migration
13,0.014,0.106,0.042,0.192,0,0.109,0.005,0.315,Mar,Pre-breeding migration
14,0.009,0.085,0.032,0.151,0,0.093,0.014,0.262,Apr,Pre-breeding migration
15,0.006,0.044,0.013,0.132,0,0.099,0.041,0.157,Apr,Pre-breeding migration
16,0.016,0.028,0.007,0.115,0.001,0.151,0.244,0.133,Apr,Pre-breeding migration
17,0.017,0.016,0.006,0.112,0.001,0.164,0.49,0.104,Apr,Pre-breeding migration
18,0.015,0.013,0.008,0.1,0.001,0.171,0.62,0.095,Apr,Pre-breeding migration
19,0.013,0.011,0.008,0.069,0.001,0.166,0.716,0.085,May,Pre-breeding migration
20,0.002,0.005,0.006,0.04,0.001,0.144,0.816,0.059,May,Pre-breeding migration
21,0,0.003,0.001,0.014,0.001,0.135,0.873,0.049,May,Pre-breeding migration
22,0,0.003,0.001,0.013,0.001,0.132,0.876,0.046,May,Pre-breeding migration
23,0,0.003,0.001,0.012,0,0.13,0.872,0.045,Jun,Pre-breeding migration
24,0,0.003,0.001,0.012,,,0.866,,Jun,Breeding
25,0,0.002,0,0.012,,,0.87,,Jun,Breeding
26,0,0.002,0,0.012,,,0.874,,Jun,Breeding
27,0,0.001,0,0.012,,,0.876,,Jul,Breeding
28,0,0.001,0,0.013,,,0.864,,Jul,Breeding
29,0,0.002,0,0.016,0,0.092,0.833,0.019,Jul,Post-breeding migration
30,0,0.002,0,0.019,0,0.097,0.802,0.02,Jul,Post-breeding migration
31,0,0.003,0.001,0.027,0,0.099,0.728,0.023,Jul,Post-breeding migration
32,0,0.003,0.002,0.052,0,0.095,0.574,0.027,Aug,Post-breeding migration
33,0.002,0.011,0.006,0.077,0,0.095,0.448,0.051,Aug,Post-breeding migration
34,0.003,0.014,0.01,0.131,0,0.08,0.29,0.067,Aug,Post-breeding migration
35,0.01,0.039,0.024,0.148,0,0.106,0.229,0.137,Aug,Post-breeding migration
36,0.011,0.047,0.021,0.163,0,0.097,0.158,0.152,Sep,Post-breeding migration
37,0.016,0.069,0.033,0.171,0,0.11,0.104,0.215,Sep,Post-breeding migration
38,0.018,0.078,0.035,0.181,0,0.106,0.034,0.235,Sep,Post-breeding migration
39,0.017,0.079,0.035,0.194,0,0.1,0.008,0.24,Sep,Post-breeding migration
40,0.016,0.078,0.03,0.189,0,0.093,0.005,0.238,Oct,Post-breeding migration
41,0.016,0.074,0.025,0.199,0,0.086,0.004,0.225,Oct,Post-breeding migration
42,0.017,0.084,0.028,0.205,0,0.093,0.004,0.246,Oct,Post-breeding migration
43,0.015,0.081,0.028,0.207,0,0.087,0.003,0.243,Oct,Post-breeding migration
44,0.017,0.089,0.036,0.209,0,0.097,0.003,0.269,Oct,Post-breeding migration
45,0.02,0.104,0.044,0.233,,,0.004,,Nov,Stationary non-breeding
46,0.021,0.108,0.044,0.233,,,0.004,,Nov,Stationary non-breeding
47,0.021,0.108,0.042,0.243,,,0.004,,Nov,Stationary non-breeding
48,0.019,0.104,0.034,0.23,,,0.004,,Nov,Stationary non-breeding
49,0.02,0.105,0.027,0.236,,,0.005,,Dec,Stationary non-breeding
50,0.022,0.107,0.027,0.24,,,0.005,,Dec,Stationary non-breeding
51,0.02,0.105,0.034,0.235,,,0.006,,Dec,Stationary non-breeding
52,0.019,0.1,0.035,0.26,,,0.006,,Dec,Stationary non-breeding
