week,X0111_UA,X0112_SA,X0213_C,X0232_L,X0331_WT,X0411_R,X0422_CT,X0531_F,X0961_LP,month,season
1,0.023,0.066,0.073,0.32,,0.406,,0.002,,Jan,Stationary non-breeding
2,0.022,0.063,0.073,0.33,,0.404,,0.002,,Jan,Stationary non-breeding
3,0.023,0.066,0.08,0.328,,0.406,,0.002,,Jan,Stationary non-breeding
4,0.022,0.066,0.087,0.326,,0.407,,0.002,,Jan,Stationary non-breeding
5,0.022,0.064,0.082,0.323,,0.399,,0.002,,Jan,Stationary non-breeding
6,0.021,0.064,0.074,0.32,,0.391,,0.002,,Feb,Stationary non-breeding
7,0.025,0.072,0.073,0.318,,0.4,,0.002,,Feb,Stationary non-breeding
8,0.026,0.072,0.071,0.303,,0.407,,0.002,,Feb,Stationary non-breeding
9,0.028,0.074,0.077,0.312,,0.421,,0.002,,Feb,Stationary non-breeding
10,0.025,0.068,0.076,0.297,,0.413,,0.002,,Mar,Stationary non-breeding
11,0.021,0.059,0.087,0.309,,0.406,,0.001,,Mar,Stationary non-breeding
12,0.021,0.06,0.099,0.349,0,0.414,0.14,0.002,0.316,Mar,Pre-breeding migration
13,0.022,0.065,0.093,0.336,0,0.42,0.141,0.002,0.329,Mar,Pre-breeding migration
14,0.022,0.062,0.079,0.339,0,0.395,0.134,0.002,0.306,Apr,Pre-breeding migration
15,0.022,0.053,0.061,0.448,0.001,0.348,0.138,0.002,0.264,Apr,Pre-breeding migration
16,0.023,0.05,0.059,0.501,0.001,0.337,0.156,0.03,0.252,Apr,Pre-breeding migration
17,0.02,0.038,0.047,0.541,0.001,0.304,0.154,0.111,0.207,Apr,Pre-breeding migration
18,0.015,0.027,0.03,0.535,0.003,0.273,0.159,0.191,0.172,Apr,Pre-breeding migration
19,0.008,0.014,0.048,0.57,0.007,0.241,0.147,0.213,0.127,May,Pre-breeding migration
20,0.005,0.009,0.043,0.468,0.005,0.218,0.137,0.309,0.101,May,Pre-breeding migration
21,0.003,0.007,0.032,0.364,0.004,0.193,0.118,0.383,0.078,May,Pre-breeding migration
22,0.001,0.004,0.009,0.214,0.001,0.162,0.092,0.496,0.051,May,Pre-breeding migration
23,0,0.003,0.005,0.127,0.001,0.146,0.081,0.552,0.043,Jun,Pre-breeding migration
24,0,0.003,0.004,0.112,0,0.14,0.076,0.556,0.039,Jun,Pre-breeding migration
25,0,0.003,0.004,0.115,,0.139,,0.562,,Jun,Breeding
26,0,0.003,0.004,0.109,,0.14,,0.58,,Jun,Breeding
27,0,0.003,0.003,0.12,,0.141,,0.591,,Jul,Breeding
28,0,0.002,0.003,0.114,,0.13,,0.6,,Jul,Breeding
29,0,0.002,0.003,0.107,,0.131,,0.61,,Jul,Breeding
30,0,0.003,0.004,0.11,0,0.141,0.08,0.611,0.036,Jul,Post-breeding migration
31,0,0.003,0.005,0.128,0.001,0.144,0.082,0.606,0.037,Jul,Post-breeding migration
32,0,0.004,0.013,0.191,0.002,0.163,0.091,0.519,0.044,Aug,Post-breeding migration
33,0.003,0.008,0.025,0.419,0.002,0.198,0.119,0.291,0.081,Aug,Post-breeding migration
34,0.005,0.01,0.032,0.512,0.003,0.215,0.128,0.206,0.093,Aug,Post-breeding migration
35,0.005,0.01,0.043,0.568,0.004,0.223,0.133,0.152,0.101,Aug,Post-breeding migration
36,0.006,0.012,0.052,0.612,0.005,0.235,0.137,0.1,0.114,Sep,Post-breeding migration
37,0.01,0.018,0.06,0.623,0.005,0.264,0.147,0.043,0.146,Sep,Post-breeding migration
38,0.012,0.022,0.054,0.616,0.004,0.278,0.149,0.019,0.169,Sep,Post-breeding migration
39,0.014,0.03,0.048,0.586,0.002,0.298,0.141,0.005,0.198,Sep,Post-breeding migration
40,0.018,0.045,0.057,0.465,0.001,0.34,0.135,0.001,0.245,Oct,Post-breeding migration
41,0.027,0.069,0.078,0.36,0.001,0.406,0.15,0.001,0.326,Oct,Post-breeding migration
42,0.028,0.074,0.069,0.321,0,0.411,0.145,0.002,0.342,Oct,Post-breeding migration
43,0.029,0.077,0.068,0.325,0,0.419,0.147,0.003,0.352,Oct,Post-breeding migration
44,0.029,0.077,0.064,0.337,0,0.415,0.147,0.003,0.347,Oct,Post-breeding migration
45,0.027,0.068,0.07,0.329,0,0.409,0.144,0.002,0.33,Nov,Post-breeding migration
46,0.028,0.069,0.07,0.324,0,0.416,0.146,0.002,0.337,Nov,Post-breeding migration
47,0.024,0.064,0.062,0.309,,0.4,,0.002,,Nov,Stationary non-breeding
48,0.025,0.069,0.075,0.318,,0.42,,0.002,,Nov,Stationary non-breeding
49,0.027,0.073,0.079,0.312,,0.426,,0.002,,Dec,Stationary non-breeding
50,0.026,0.068,0.077,0.311,,0.411,,0.002,,Dec,Stationary non-breeding
51,0.027,0.073,0.075,0.323,,0.417,,0.002,,Dec,Stationary non-breeding
52,0.024,0.069,0.073,0.323,,0.409,,0.002,,Dec,Stationary non-breeding
