week,X0111_UA,X0112_SA,X0213_C,X0331_WT,X0411_R,X0422_CT,X0531_F,X0961_LP,month,season
1,0.032,0.064,0.076,,0.444,,0.002,,Jan,Stationary non-breeding
2,0.032,0.061,0.075,,0.438,,0.002,,Jan,Stationary non-breeding
3,0.034,0.064,0.079,,0.442,,0.001,,Jan,Stationary non-breeding
4,0.038,0.068,0.086,,0.454,,0.001,,Jan,Stationary non-breeding
5,0.04,0.07,0.088,,0.457,,0.001,,Jan,Stationary non-breeding
6,0.039,0.068,0.083,,0.445,,0.001,,Feb,Stationary non-breeding
7,0.037,0.07,0.08,,0.44,,0.002,,Feb,Stationary non-breeding
8,0.037,0.072,0.082,0,0.44,0.152,0.002,0.349,Feb,Pre-breeding migration
9,0.035,0.073,0.077,0,0.443,0.147,0.002,0.35,Feb,Pre-breeding migration
10,0.035,0.073,0.076,0,0.449,0.148,0.002,0.35,Mar,Pre-breeding migration
11,0.033,0.066,0.076,0,0.425,0.141,0.001,0.326,Mar,Pre-breeding migration
12,0.036,0.068,0.078,0,0.426,0.155,0.003,0.329,Mar,Pre-breeding migration
13,0.038,0.069,0.085,0,0.422,0.173,0.004,0.33,Mar,Pre-breeding migration
14,0.036,0.061,0.077,0.001,0.387,0.198,0.017,0.307,Apr,Pre-breeding migration
15,0.034,0.051,0.069,0.003,0.382,0.233,0.055,0.292,Apr,Pre-breeding migration
16,0.031,0.044,0.072,0.005,0.401,0.277,0.143,0.306,Apr,Pre-breeding migration
17,0.03,0.043,0.104,0.008,0.455,0.366,0.281,0.369,Apr,Pre-breeding migration
18,0.039,0.057,0.242,0.011,0.553,0.482,0.341,0.47,Apr,Pre-breeding migration
19,0.025,0.041,0.247,0.013,0.484,0.407,0.513,0.382,May,Pre-breeding migration
20,0.011,0.018,0.113,0.007,0.305,0.227,0.621,0.199,May,Pre-breeding migration
21,0.002,0.005,0.031,0.003,0.207,0.129,0.67,0.1,May,Pre-breeding migration
22,0,0.002,0.009,0.002,0.168,0.097,0.649,0.072,May,Pre-breeding migration
23,0,0.002,0.006,0.002,0.151,0.083,0.623,0.061,Jun,Pre-breeding migration
24,0,0.001,0.004,,0.132,,0.601,,Jun,Breeding
25,0,0.001,0.003,,0.125,,0.592,,Jun,Breeding
26,0,0.001,0.003,,0.122,,0.583,,Jun,Breeding
27,0,0.001,0.003,,0.123,,0.578,,Jul,Breeding
28,0,0.001,0.003,,0.12,,0.594,,Jul,Breeding
29,0,0.001,0.003,0.002,0.132,0.072,0.635,0.056,Jul,Post-breeding migration
30,0,0.002,0.003,0.002,0.143,0.079,0.645,0.062,Jul,Post-breeding migration
31,0,0.002,0.004,0.002,0.144,0.083,0.625,0.065,Jul,Post-breeding migration
32,0.001,0.003,0.008,0.002,0.156,0.093,0.619,0.073,Aug,Post-breeding migration
33,0.002,0.005,0.011,0.002,0.17,0.108,0.57,0.086,Aug,Post-breeding migration
34,0.004,0.008,0.03,0.003,0.197,0.133,0.521,0.112,Aug,Post-breeding migration
35,0.008,0.013,0.101,0.006,0.255,0.181,0.459,0.165,Aug,Post-breeding migration
36,0.011,0.021,0.236,0.014,0.342,0.252,0.336,0.246,Sep,Post-breeding migration
37,0.015,0.028,0.286,0.018,0.397,0.306,0.265,0.305,Sep,Post-breeding migration
38,0.019,0.034,0.313,0.02,0.443,0.353,0.239,0.355,Sep,Post-breeding migration
39,0.025,0.041,0.36,0.023,0.496,0.406,0.2,0.414,Sep,Post-breeding migration
40,0.034,0.057,0.389,0.024,0.542,0.432,0.108,0.466,Oct,Post-breeding migration
41,0.043,0.07,0.303,0.019,0.536,0.392,0.077,0.462,Oct,Post-breeding migration
42,0.051,0.081,0.143,0.007,0.505,0.302,0.048,0.432,Oct,Post-breeding migration
43,0.049,0.09,0.123,0.002,0.509,0.239,0.018,0.432,Oct,Post-breeding migration
44,0.045,0.085,0.108,0.001,0.49,0.204,0.006,0.404,Oct,Post-breeding migration
45,0.04,0.079,0.101,0,0.476,0.178,0.003,0.382,Nov,Post-breeding migration
46,0.036,0.073,0.091,0,0.462,0.162,0.002,0.362,Nov,Post-breeding migration
47,0.036,0.07,0.079,0,0.451,0.151,0.002,0.352,Nov,Post-breeding migration
48,0.033,0.067,0.082,0,0.445,0.15,0.002,0.345,Nov,Post-breeding migration
49,0.032,0.065,0.081,0,0.446,0.149,0.002,0.341,Dec,Post-breeding migration
50,0.032,0.064,0.081,0,0.443,0.149,0.002,0.336,Dec,Post-breeding migration
51,0.036,0.065,0.087,0,0.453,0.157,0.002,0.349,Dec,Post-breeding migration
52,0.035,0.066,0.084,,0.459,,0.001,,Dec,Stationary non-breeding
