week,X0111_UA,X0112_SA,X0213_C,X0331_WT,X0422_CT,X0531_F,X0961_LP,X1141_D,month,season
1,0.023,0.052,0.082,,,0.879,,0.001,Jan,Stationary non-breeding
2,0.023,0.051,0.079,,,0.883,,0.001,Jan,Stationary non-breeding
3,0.022,0.05,0.078,,,0.887,,0.001,Jan,Stationary non-breeding
4,0.022,0.049,0.072,,,0.889,,0,Jan,Stationary non-breeding
5,0.021,0.049,0.07,0,0.556,0.895,0.609,0,Jan,Pre-breeding migration
6,0.021,0.048,0.068,0,0.554,0.898,0.607,0,Feb,Pre-breeding migration
7,0.02,0.049,0.069,0,0.554,0.899,0.607,0,Feb,Pre-breeding migration
8,0.019,0.048,0.068,0,0.553,0.905,0.609,0,Feb,Pre-breeding migration
9,0.017,0.046,0.064,0,0.542,0.91,0.602,0,Feb,Pre-breeding migration
10,0.015,0.045,0.062,0,0.535,0.907,0.594,0,Mar,Pre-breeding migration
11,0.015,0.044,0.062,0,0.534,0.903,0.594,0,Mar,Pre-breeding migration
12,0.016,0.045,0.063,0,0.541,0.899,0.602,0,Mar,Pre-breeding migration
13,0.018,0.048,0.063,0,0.544,0.887,0.606,0,Mar,Pre-breeding migration
14,0.021,0.053,0.063,0,0.56,0.87,0.617,0,Apr,Pre-breeding migration
15,0.022,0.059,0.06,0.001,0.579,0.854,0.628,0,Apr,Pre-breeding migration
16,0.022,0.058,0.059,0.001,0.583,0.839,0.62,0,Apr,Pre-breeding migration
17,0.021,0.055,0.062,0.002,0.572,0.831,0.598,0,Apr,Pre-breeding migration
18,0.018,0.05,0.059,0.002,0.549,0.839,0.568,0,Apr,Pre-breeding migration
19,0.015,0.046,0.054,0.001,0.53,0.857,0.554,0,May,Pre-breeding migration
20,0.014,0.044,0.053,0.001,0.525,0.865,0.553,0,May,Pre-breeding migration
21,0.012,0.042,0.049,0.001,0.519,0.876,0.548,0,May,Pre-breeding migration
22,0.011,0.041,0.049,,,0.882,,0,May,Breeding
23,0.011,0.041,0.048,,,0.881,,0,Jun,Breeding
24,0.01,0.04,0.046,,,0.883,,0,Jun,Breeding
25,0.01,0.04,0.044,,,0.876,,0,Jun,Breeding
26,0.009,0.04,0.039,,,0.867,,0,Jun,Breeding
27,0.008,0.037,0.035,,,0.861,,0,Jul,Breeding
28,0.007,0.034,0.03,,,0.858,,0,Jul,Breeding
29,0.006,0.032,0.028,,,0.862,,0,Jul,Breeding
30,0.006,0.031,0.025,,,0.882,,0,Jul,Breeding
31,0.006,0.03,0.031,,,0.899,,0,Jul,Breeding
32,0.006,0.032,0.042,,,0.908,,0,Aug,Breeding
33,0.008,0.035,0.047,0.001,0.503,0.91,0.547,0,Aug,Post-breeding migration
34,0.009,0.037,0.047,0.001,0.507,0.906,0.552,0,Aug,Post-breeding migration
35,0.009,0.037,0.045,0.001,0.508,0.905,0.556,0,Aug,Post-breeding migration
36,0.01,0.039,0.047,0.001,0.514,0.897,0.561,0,Sep,Post-breeding migration
37,0.011,0.04,0.048,0.001,0.52,0.894,0.569,0,Sep,Post-breeding migration
38,0.012,0.042,0.05,0.001,0.53,0.894,0.582,0,Sep,Post-breeding migration
39,0.015,0.045,0.056,0.001,0.543,0.889,0.596,0,Sep,Post-breeding migration
40,0.018,0.048,0.059,0.001,0.547,0.885,0.605,0,Oct,Post-breeding migration
41,0.019,0.049,0.062,0,0.549,0.892,0.611,0,Oct,Post-breeding migration
42,0.019,0.047,0.061,0,0.542,0.899,0.605,0,Oct,Post-breeding migration
43,0.019,0.047,0.06,0,0.541,0.905,0.606,0,Oct,Post-breeding migration
44,0.02,0.048,0.064,0,0.547,0.904,0.608,0,Oct,Post-breeding migration
45,0.02,0.048,0.065,0,0.548,0.903,0.603,0,Nov,Post-breeding migration
46,0.021,0.049,0.069,0,0.551,0.892,0.603,0,Nov,Post-breeding migration
47,0.022,0.05,0.077,0,0.551,0.875,0.603,0.001,Nov,Post-breeding migration
48,0.021,0.049,0.079,,,0.877,,0.001,Nov,Stationary non-breeding
49,0.022,0.049,0.076,,,0.879,,0.001,Dec,Stationary non-breeding
50,0.022,0.05,0.079,,,0.878,,0.001,Dec,Stationary non-breeding
51,0.022,0.05,0.08,,,0.878,,0.001,Dec,Stationary non-breeding
52,0.023,0.051,0.081,,,0.88,,0.001,Dec,Stationary non-breeding
