week,X0111_UA,X0112_SA,X0213_C,X0331_WT,X0422_CT,X0531_F,X0961_LP,X1141_D,month,season
1,0.012,0.036,0.052,,,0.141,,0.154,Jan,Stationary non-breeding
2,0.024,0.043,0.108,,,0.242,,0.191,Jan,Stationary non-breeding
3,0.016,0.05,0.064,,,0.188,,0.108,Jan,Stationary non-breeding
4,0.015,0.05,0.058,,,0.185,,0.084,Jan,Stationary non-breeding
5,0.002,0.003,0,,,0.164,,0.083,Jan,Stationary non-breeding
6,0,0.002,0,,,0.15,,0.06,Feb,Stationary non-breeding
7,0,0.002,0,,,0.036,,0.019,Feb,Stationary non-breeding
8,0,0.022,0,,,0.029,,0.016,Feb,Stationary non-breeding
9,0.002,0.182,0.001,,,0.023,,0.018,Feb,Stationary non-breeding
10,0,0.146,0.002,,,0.032,,0.018,Mar,Stationary non-breeding
11,0,0.181,0.002,,,0.01,,0.005,Mar,Stationary non-breeding
12,0.001,0.079,0.001,0,0.144,0.007,0.272,0.008,Mar,Pre-breeding migration
13,0.004,0.151,0.002,0,0.372,0.279,0.573,0.002,Mar,Pre-breeding migration
14,0.001,0.009,0.009,0,0.361,0.953,0.41,0,Apr,Pre-breeding migration
15,0.001,0.017,0.014,0,0.462,0.978,0.57,0,Apr,Pre-breeding migration
16,0.001,0.018,0.022,0,0.46,0.969,0.556,0,Apr,Pre-breeding migration
17,0.001,0.019,0.024,0,0.452,0.956,0.558,0,Apr,Pre-breeding migration
18,0.001,0.019,0.025,0,0.45,0.957,0.562,0,Apr,Pre-breeding migration
19,0.001,0.016,0.019,,,0.961,,0,May,Breeding
20,0,0.016,0.018,,,0.961,,0,May,Breeding
21,0,0.015,0.015,,,0.962,,0,May,Breeding
22,0,0.015,0.016,,,0.962,,0,May,Breeding
23,0,0.014,0.018,,,0.962,,0,Jun,Breeding
24,0,0.012,0.016,,,0.96,,0,Jun,Breeding
25,0,0.012,0.013,,,0.962,,0,Jun,Breeding
26,0,0.011,0.012,,,0.964,,0,Jun,Breeding
27,0,0.012,0.011,,,0.963,,0,Jul,Breeding
28,0,0.011,0.016,,,0.96,,0,Jul,Breeding
29,0,0.011,0.003,,,0.942,,0,Jul,Breeding
30,0,0.013,0.007,0,0.343,0.935,0.48,0,Jul,Post-breeding migration
31,0,0.043,0.004,0,0.405,0.792,0.364,0,Jul,Post-breeding migration
32,0,0.029,0.014,0,0.395,0.858,0.31,0,Aug,Post-breeding migration
33,0,0.016,0.021,0,0.368,0.923,0.297,0,Aug,Post-breeding migration
34,0.001,0.013,0.023,0,0.371,0.901,0.331,0,Aug,Post-breeding migration
35,0.002,0.014,0.023,0,0.403,0.891,0.413,0,Aug,Post-breeding migration
36,0.004,0.019,0.016,0,0.455,0.917,0.545,0,Sep,Post-breeding migration
37,0.013,0.028,0.009,0,0.483,0.871,0.577,0.006,Sep,Post-breeding migration
38,0.06,0.049,0.006,0,0.542,0.731,0.622,0.015,Sep,Post-breeding migration
39,0.454,0.053,0.023,0,0.722,0.058,0.785,0.075,Sep,Post-breeding migration
40,0.373,0.059,0.02,0.002,0.721,0.021,0.762,0.093,Oct,Post-breeding migration
41,0.065,0.013,0.009,0,0.142,0.031,0.159,0.082,Oct,Post-breeding migration
42,0.054,0.018,0.014,0,0.122,0.053,0.151,0.061,Oct,Post-breeding migration
43,0.066,0.064,0.047,0.001,0.233,0.051,0.405,0.079,Oct,Post-breeding migration
44,0.014,0.043,0.007,0,0.151,0.037,0.303,0.048,Oct,Post-breeding migration
45,0.002,0.033,0.004,,,0.076,,0.098,Nov,Stationary non-breeding
46,0.001,0.051,0.002,,,0.06,,0.071,Nov,Stationary non-breeding
47,0.001,0.079,0.001,,,0.067,,0.066,Nov,Stationary non-breeding
48,0.009,0.079,0.002,,,0.117,,0.148,Nov,Stationary non-breeding
49,0.011,0.068,0.001,,,0.095,,0.085,Dec,Stationary non-breeding
50,0.003,0.067,0.001,,,0.012,,0.02,Dec,Stationary non-breeding
51,0.004,0.055,0.018,,,0.095,,0.107,Dec,Stationary non-breeding
52,0.011,0.075,0.053,,,0.17,,0.236,Dec,Stationary non-breeding
