week,X0111_UA,X0112_SA,X0213_C,X0232_L,X0331_WT,X0411_R,X0422_CT,X0531_F,X0961_LP,month,season
1,0.047,0.088,0.015,0.254,,0.357,,0.026,,Jan,Stationary non-breeding
2,0.052,0.099,0.016,0.281,,0.38,,0.018,,Jan,Stationary non-breeding
3,0.056,0.109,0.018,0.294,,0.394,,0.018,,Jan,Stationary non-breeding
4,0.057,0.11,0.018,0.298,,0.391,,0.017,,Jan,Stationary non-breeding
5,0.061,0.119,0.019,0.301,,0.395,,0.018,,Jan,Stationary non-breeding
6,0.059,0.117,0.017,0.295,,0.387,,0.015,,Feb,Stationary non-breeding
7,0.057,0.111,0.014,0.285,,0.368,,0.014,,Feb,Stationary non-breeding
8,0.055,0.105,0.011,0.266,,0.353,,0.013,,Feb,Stationary non-breeding
9,0.053,0.102,0.011,0.248,,0.351,,0.014,,Feb,Stationary non-breeding
10,0.054,0.104,0.01,0.235,0,0.351,0.143,0.016,0.31,Mar,Pre-breeding migration
11,0.059,0.11,0.014,0.244,0,0.366,0.153,0.019,0.324,Mar,Pre-breeding migration
12,0.063,0.111,0.012,0.222,0,0.364,0.163,0.029,0.323,Mar,Pre-breeding migration
13,0.077,0.121,0.014,0.209,0,0.396,0.2,0.047,0.357,Mar,Pre-breeding migration
14,0.065,0.107,0.015,0.174,0,0.385,0.195,0.063,0.326,Apr,Pre-breeding migration
15,0.046,0.085,0.012,0.182,0,0.326,0.17,0.086,0.255,Apr,Pre-breeding migration
16,0.023,0.044,0.012,0.207,0.001,0.246,0.152,0.19,0.168,Apr,Pre-breeding migration
17,0.017,0.027,0.023,0.336,0.002,0.227,0.159,0.208,0.143,Apr,Pre-breeding migration
18,0.014,0.018,0.027,0.303,0.002,0.2,0.142,0.309,0.115,Apr,Pre-breeding migration
19,0.009,0.012,0.02,0.235,0.002,0.163,0.116,0.407,0.081,May,Pre-breeding migration
20,0.006,0.007,0.015,0.177,0.001,0.136,0.093,0.447,0.059,May,Pre-breeding migration
21,0.003,0.004,0.009,0.104,0.001,0.111,0.07,0.497,0.039,May,Pre-breeding migration
22,0,0.002,0.002,0.046,0,0.086,0.048,0.505,0.023,May,Pre-breeding migration
23,0,0.001,0,0.026,0,0.079,0.042,0.491,0.02,Jun,Pre-breeding migration
24,0,0.001,0,0.027,0,0.078,0.042,0.498,0.019,Jun,Pre-breeding migration
25,0,0.001,0,0.027,,0.076,,0.496,,Jun,Breeding
26,0,0.001,0,0.029,,0.076,,0.523,,Jun,Breeding
27,0,0.001,0,0.032,,0.076,,0.554,,Jul,Breeding
28,0,0.001,0,0.031,,0.074,,0.541,,Jul,Breeding
29,0,0.001,0,0.032,,0.077,,0.554,,Jul,Breeding
30,0,0.001,0,0.029,0,0.075,0.047,0.542,0.018,Jul,Post-breeding migration
31,0,0.001,0,0.031,0,0.072,0.044,0.519,0.018,Jul,Post-breeding migration
32,0,0.001,0.001,0.036,0,0.084,0.049,0.517,0.021,Aug,Post-breeding migration
33,0,0.002,0.004,0.071,0,0.094,0.052,0.478,0.024,Aug,Post-breeding migration
34,0.001,0.003,0.017,0.172,0.002,0.122,0.071,0.405,0.04,Aug,Post-breeding migration
35,0.005,0.014,0.027,0.325,0.003,0.181,0.097,0.277,0.087,Aug,Post-breeding migration
36,0.009,0.024,0.06,0.426,0.006,0.231,0.126,0.179,0.13,Sep,Post-breeding migration
37,0.014,0.032,0.065,0.462,0.007,0.268,0.138,0.101,0.16,Sep,Post-breeding migration
38,0.024,0.051,0.041,0.373,0.004,0.3,0.151,0.094,0.203,Sep,Post-breeding migration
39,0.028,0.056,0.046,0.399,0.005,0.308,0.146,0.059,0.216,Sep,Post-breeding migration
40,0.034,0.065,0.034,0.378,0.003,0.315,0.147,0.054,0.237,Oct,Post-breeding migration
41,0.037,0.069,0.024,0.3,0.001,0.316,0.142,0.041,0.245,Oct,Post-breeding migration
42,0.037,0.072,0.022,0.262,0,0.317,0.128,0.024,0.25,Oct,Post-breeding migration
43,0.037,0.078,0.019,0.272,0,0.323,0.123,0.018,0.265,Oct,Post-breeding migration
44,0.038,0.08,0.019,0.262,0,0.339,0.126,0.017,0.28,Oct,Post-breeding migration
45,0.043,0.088,0.021,0.265,0,0.344,0.134,0.017,0.293,Nov,Post-breeding migration
46,0.045,0.089,0.024,0.259,0,0.354,0.141,0.019,0.302,Nov,Post-breeding migration
47,0.045,0.09,0.025,0.257,,0.361,,0.019,,Nov,Stationary non-breeding
48,0.045,0.09,0.021,0.249,,0.355,,0.02,,Nov,Stationary non-breeding
49,0.047,0.092,0.019,0.252,,0.351,,0.021,,Dec,Stationary non-breeding
50,0.045,0.084,0.016,0.231,,0.332,,0.023,,Dec,Stationary non-breeding
51,0.046,0.084,0.017,0.232,,0.341,,0.025,,Dec,Stationary non-breeding
52,0.05,0.091,0.018,0.254,,0.366,,0.03,,Dec,Stationary non-breeding
