week,X0111_UA,X0112_SA,X0213_C,X0232_L,X0331_WT,X0422_CT,X0961_LP,X1141_D,month,season
1,0.019,0.08,0.097,0.343,,,,0.145,Jan,Stationary non-breeding
2,0.02,0.079,0.089,0.347,,,,0.135,Jan,Stationary non-breeding
3,0.018,0.075,0.081,0.347,,,,0.126,Jan,Stationary non-breeding
4,0.019,0.081,0.085,0.342,,,,0.14,Jan,Stationary non-breeding
5,0.019,0.089,0.092,0.328,,,,0.151,Jan,Stationary non-breeding
6,0.02,0.1,0.077,0.291,,,,0.103,Feb,Stationary non-breeding
7,0.024,0.103,0.078,0.281,,,,0.079,Feb,Stationary non-breeding
8,0.024,0.098,0.082,0.283,,,,0.087,Feb,Stationary non-breeding
9,0.023,0.094,0.074,0.296,,,,0.082,Feb,Stationary non-breeding
10,0.023,0.092,0.068,0.299,,,,0.069,Mar,Stationary non-breeding
11,0.024,0.091,0.077,0.306,0,0.186,0.505,0.097,Mar,Pre-breeding migration
12,0.023,0.085,0.087,0.32,0,0.178,0.449,0.264,Mar,Pre-breeding migration
13,0.018,0.077,0.092,0.337,0,0.167,0.411,0.328,Mar,Pre-breeding migration
14,0.011,0.049,0.056,0.264,0,0.129,0.255,0.232,Apr,Pre-breeding migration
15,0.008,0.038,0.045,0.276,0,0.109,0.197,0.221,Apr,Pre-breeding migration
16,0.007,0.027,0.033,0.386,0,0.099,0.144,0.252,Apr,Pre-breeding migration
17,0.003,0.008,0.009,0.493,0.002,0.099,0.071,0.218,Apr,Pre-breeding migration
18,0.003,0.008,0.01,0.482,0.002,0.115,0.084,0.178,Apr,Pre-breeding migration
19,0.003,0.008,0.008,0.434,0.002,0.119,0.082,0.161,May,Pre-breeding migration
20,0.003,0.007,0.005,0.299,0.001,0.119,0.075,0.099,May,Pre-breeding migration
21,0.001,0.006,0.004,0.282,0,0.113,0.067,0.079,May,Pre-breeding migration
22,0.001,0.005,0.003,0.238,,,,0.064,May,Breeding
23,0,0.005,0.002,0.233,,,,0.068,Jun,Breeding
24,0,0.004,0.002,0.221,,,,0.06,Jun,Breeding
25,0,0.005,0.002,0.214,,,,0.06,Jun,Breeding
26,0,0.005,0.002,0.22,,,,0.055,Jun,Breeding
27,0.001,0.006,0.002,0.215,,,,0.067,Jul,Breeding
28,0.001,0.006,0.001,0.204,,,,0.08,Jul,Breeding
29,0.001,0.006,0.001,0.189,,,,0.063,Jul,Breeding
30,0.001,0.006,0.002,0.186,,,,0.068,Jul,Breeding
31,0.001,0.006,0.002,0.211,0.001,0.118,0.075,0.062,Jul,Post-breeding migration
32,0.001,0.007,0.007,0.257,0.001,0.124,0.088,0.067,Aug,Post-breeding migration
33,0.003,0.009,0.013,0.427,0.002,0.138,0.112,0.137,Aug,Post-breeding migration
34,0.005,0.01,0.017,0.527,0.003,0.137,0.114,0.247,Aug,Post-breeding migration
35,0.005,0.011,0.02,0.579,0.003,0.13,0.112,0.29,Aug,Post-breeding migration
36,0.005,0.011,0.021,0.615,0.003,0.123,0.109,0.327,Sep,Post-breeding migration
37,0.006,0.013,0.034,0.692,0.003,0.117,0.113,0.429,Sep,Post-breeding migration
38,0.009,0.021,0.042,0.754,0.003,0.11,0.125,0.557,Sep,Post-breeding migration
39,0.014,0.055,0.081,0.451,0,0.117,0.283,0.365,Sep,Post-breeding migration
40,0.013,0.055,0.081,0.42,0,0.12,0.327,0.369,Oct,Post-breeding migration
41,0.019,0.068,0.128,0.448,0,0.151,0.379,0.39,Oct,Post-breeding migration
42,0.022,0.096,0.171,0.419,0,0.21,0.465,0.377,Oct,Post-breeding migration
43,0.037,0.134,0.154,0.354,,,,0.19,Oct,Stationary non-breeding
44,0.031,0.11,0.123,0.355,,,,0.197,Oct,Stationary non-breeding
45,0.024,0.094,0.096,0.354,,,,0.087,Nov,Stationary non-breeding
46,0.017,0.075,0.105,0.384,,,,0.226,Nov,Stationary non-breeding
47,0.017,0.076,0.112,0.385,,,,0.237,Nov,Stationary non-breeding
48,0.021,0.09,0.127,0.362,,,,0.178,Nov,Stationary non-breeding
49,0.022,0.096,0.137,0.333,,,,0.16,Dec,Stationary non-breeding
50,0.023,0.095,0.103,0.308,,,,0.105,Dec,Stationary non-breeding
51,0.023,0.094,0.102,0.316,,,,0.123,Dec,Stationary non-breeding
52,0.019,0.077,0.093,0.341,,,,0.146,Dec,Stationary non-breeding
