week,X0111_UA,X0112_SA,X0213_C,X0331_WT,X0422_CT,X0961_LP,X1141_D,month,season
1,0.053,0.064,0.087,,,,0.125,Jan,Stationary non-breeding
2,0.051,0.06,0.08,,,,0.133,Jan,Stationary non-breeding
3,0.048,0.056,0.087,,,,0.146,Jan,Stationary non-breeding
4,0.052,0.063,0.092,,,,0.154,Jan,Stationary non-breeding
5,0.054,0.062,0.087,,,,0.148,Jan,Stationary non-breeding
6,0.056,0.063,0.087,0.001,0.265,0.45,0.161,Feb,Pre-breeding migration
7,0.055,0.068,0.082,0.001,0.279,0.455,0.144,Feb,Pre-breeding migration
8,0.044,0.06,0.067,0,0.331,0.46,0.108,Feb,Pre-breeding migration
9,0.03,0.048,0.067,0,0.367,0.462,0.08,Feb,Pre-breeding migration
10,0.026,0.044,0.067,0,0.397,0.478,0.067,Mar,Pre-breeding migration
11,0.017,0.037,0.063,0,0.428,0.504,0.054,Mar,Pre-breeding migration
12,0.011,0.031,0.058,0,0.457,0.535,0.039,Mar,Pre-breeding migration
13,0.008,0.033,0.059,0,0.484,0.573,0.027,Mar,Pre-breeding migration
14,0.007,0.033,0.058,0,0.501,0.594,0.016,Apr,Pre-breeding migration
15,0.009,0.036,0.073,0,0.516,0.611,0.011,Apr,Pre-breeding migration
16,0.009,0.037,0.08,0,0.527,0.619,0.011,Apr,Pre-breeding migration
17,0.009,0.038,0.081,0,0.53,0.617,0.012,Apr,Pre-breeding migration
18,0.01,0.037,0.073,,,,0.012,Apr,Breeding
19,0.008,0.034,0.068,,,,0.012,May,Breeding
20,0.007,0.033,0.063,,,,0.014,May,Breeding
21,0.006,0.031,0.057,,,,0.012,May,Breeding
22,0.005,0.03,0.053,,,,0.012,May,Breeding
23,0.005,0.029,0.05,,,,0.013,Jun,Breeding
24,0.005,0.028,0.047,,,,0.013,Jun,Breeding
25,0.005,0.028,0.042,,,,0.012,Jun,Breeding
26,0.005,0.028,0.042,,,,0.016,Jun,Breeding
27,0.006,0.029,0.043,0,0.488,0.595,0.017,Jul,Post-breeding migration
28,0.01,0.031,0.047,0,0.492,0.597,0.016,Jul,Post-breeding migration
29,0.02,0.038,0.053,0,0.51,0.602,0.018,Jul,Post-breeding migration
30,0.033,0.043,0.041,0,0.512,0.579,0.027,Jul,Post-breeding migration
31,0.052,0.058,0.034,0,0.535,0.558,0.018,Jul,Post-breeding migration
32,0.061,0.069,0.049,0,0.528,0.582,0.035,Aug,Post-breeding migration
33,0.057,0.067,0.054,0,0.513,0.586,0.043,Aug,Post-breeding migration
34,0.051,0.066,0.061,0,0.504,0.6,0.058,Aug,Post-breeding migration
35,0.041,0.061,0.065,0,0.508,0.621,0.043,Aug,Post-breeding migration
36,0.036,0.059,0.067,0,0.49,0.611,0.051,Sep,Post-breeding migration
37,0.035,0.059,0.071,0,0.469,0.596,0.067,Sep,Post-breeding migration
38,0.039,0.061,0.078,0,0.46,0.591,0.073,Sep,Post-breeding migration
39,0.045,0.067,0.077,0,0.454,0.568,0.07,Sep,Post-breeding migration
40,0.053,0.072,0.087,0,0.415,0.534,0.084,Oct,Post-breeding migration
41,0.053,0.066,0.082,0,0.325,0.457,0.104,Oct,Post-breeding migration
42,0.053,0.064,0.084,0,0.29,0.445,0.12,Oct,Post-breeding migration
43,0.055,0.064,0.087,0,0.276,0.446,0.126,Oct,Post-breeding migration
44,0.054,0.063,0.091,,,,0.146,Oct,Stationary non-breeding
45,0.052,0.061,0.09,,,,0.143,Nov,Stationary non-breeding
46,0.057,0.063,0.09,,,,0.136,Nov,Stationary non-breeding
47,0.055,0.06,0.084,,,,0.138,Nov,Stationary non-breeding
48,0.056,0.061,0.088,,,,0.121,Nov,Stationary non-breeding
49,0.048,0.055,0.078,,,,0.109,Dec,Stationary non-breeding
50,0.051,0.057,0.086,,,,0.109,Dec,Stationary non-breeding
51,0.049,0.058,0.093,,,,0.115,Dec,Stationary non-breeding
52,0.051,0.058,0.081,,,,0.113,Dec,Stationary non-breeding
